PF189350,조재혁,,1시간 30분,만 7세 이상
PF189434,,,1시간 10분,만 7세 이상
PF189437,스베틀린 루세브 등,,1시간 30분,만 7세 이상
PF191629,"최승한, 김정아, 윤정난, 제상철, 김병길, 강수연, 정선경 등",정갑균,2시간,만 7세 이상
PF191633,"김성은, 김순영, 신상근, 김동원, 양준모, 이승왕, 민현기 등","박형식, 아르노 베르나르, 김동일 등",2시간 20분,만 7세 이상
PF193252,,,1시간 50분,만 7세 이상
PF194394,"다비트 라일란트, 선우예권 등",,1시간 40분,만 7세 이상
PF194646,"김설진, 김재덕 등",,1시간,만 7세 이상
PF194650,"파보 예르비, 클라라 주미 강 등",,1시간 40분,만 7세 이상
PF194659,이자람,,2시간,만 11세 이상
PF194660,이은결,,2시간,만 5세 이상
PF194664,,,1시간,만 7세 이상
PF194669,요안 부르주아 등,,1시간,만 7세 이상
PF194677,,,2시간 10분,만 13세 이상
PF194679,"박준규, 고상지 등",,,만 19세 이상
PF194711,"정새별, 김아영, 이창훈",,1시간 30분,만 13세 이상
PF195329,"홍석원, 서예리, 나채원, 한이제, 김한, 조인혁, 채재일 등",,1시간 40분,만 7세 이상
PF195330,"유채연, 백주영, 송지원, 김상진, 이정란, 김지인, 김규연 등",,1시간 35분,만 7세 이상
PF195331,"나채원, 한이제, 채재일, 김소옥, 김다미, 이한나, 박하양 등",,1시간 40분,만 7세 이상
PF195332,"오코 카무, 이보나 화, 제라드 에더리, 슬라보미르 홀랜드, 백주영, 김다미, 김상진 등",,1시간 40분,만 7세 이상
PF195443,"토마스 바우어, 도날드 줄첸",,1시간 25분,만 7세 이상
PF196651,"황호규, 김영후, 강환수",,1시간 30분,만 7세 이상
PF196671,,전인철,1시간 40분,만 11세 이상
PF196677,"송영민, 안두현 등",,1시간 40분,만 7세 이상
PF196750,"고재규, 김대호, 이동민",,1시간 30분,만 6세 이상
PF196753,"김성수, 이원술, 김호철, 광재훈, 한웅원",,1시간 30분,만 7세 이상
PF196803,,김보람,2시간,만 11세 이상
PF196806,,인정주,1시간,만 7세 이상
PF196838,"박수예, 김채원",,1시간 40분,만 7세 이상
PF196963,,,1시간 40분,만 7세 이상
PF197895,"오충근, 백재진, 이명진, 이경선, 김상진",오충근,1시간 30분,만 7세 이상
PF197896,"손정범, 송지원, 신경식",,1시간 30분,만 7세 이상
PF197900,"김수유, 양영호, 이광혁 등",,1시간 10분,만 7세 이상
PF197992,,,,만 15세 이상
PF197995,"존노, 조영훈",,1시간 10분,만 7세 이상
PF198014,"강서희, 김희진, 박세화, 오윤정, 유보선, 이훈희, 정혜인 등","여온, 황이선, 양경진 등",1시간 10분,만 11세 이상
PF198033,"한수진, 이우일, 김규현, 이원해, 조용우, 백동훈, 장현성 등","오충근, 한수진, 김재원 등",1시간 30분,만 7세 이상
PF198036,손민수,"오충근, 한수진, 김재원 등",1시간 30분,만 7세 이상
PF198113,한상원 등,,,만 7세 이상
PF198132,"심규민, 임미정 등",,,만 7세 이상
PF198140,"오상호, 이수정, 손민, 박종상, 조신희, 박지용, 김명원 등",,,만 7세 이상
PF198189,"강성민, 김민희, 최은정, 고명석",,,만 7세 이상
PF198192,,,,만 7세 이상
PF198419,"김영남, 전소영","김영남, 이용갑, 김성원 등",1시간 20분,전체 관람가
PF198640,"김섬, 조민경, 김도이, 최엄지, 이우성, 임지우","이정연, 고태민, 강상민 등",2시간,만 12세 이상
PF198641,"표경빈, 임태현, 이제우, 권창민, 양정욱, 조휘령, 정세영 등","박한별, 김서휘, 조지원 등",1시간 50분,만 13세 이상
PF198744,,"장진웅, 김다인, 김의태 등",1시간 30분,만 12세 이상
PF198926,"방영미, 천권준, 이민우, 김소이, 이연정, 강경희, 정현주 등","박재현, 장영섭, 황경호 등",1시간,만 7세 이상
PF198927,"전성호, 이혜수, 천권준, 이혜영, 김여진, 한상훈, 이인우 등","황지선, 조용현, 이용진 등",1시간,만 5세 이상
PF198928,"박찬영, 이은주","최은영, 조수용, 조석진 등",1시간,만 12세 이상
PF198929,"장혜숙, 윤은화, 권자경, 장하연, 장명화 등",,1시간 40분,만 7세 이상
PF198950,,,,만 7세 이상
PF198958,,에릭 아르날 부르취,40분,만 2세 이상
PF199112,"최영선, 김신혜, 손가슬, 민현기, 이재식, 김종표, 박의현 등","신선섭, 이회수, 김보미 등",2시간 10분,만 7세 이상
PF199113,"김주완, 윤병삼, 김원, 전은혜, 최성환, 이재혁, 김민영 등","김현정, 김숙영, 김보미",1시간,만 7세 이상
PF199115,"정시영, 박은정, 송난영, 최정훈, 정영하 등","오이돈, 박나경, 정찬수 등",1시간,만 5세 이상
PF199116,"이재혁, 고민진, 박은원, 박진희",,50분,만 5세 이상
PF199122,"인정아, 임보람","인정아, 이주환, 박성헌 등",50분,36개월 이상
PF199132,"최윤나, 강성빈, 이용찬, 이유진, 최원진, 오상덕, 구민하 등","이강호, 안주은, 우수현 등",1시간 30분,만 7세 이상
PF199137,"이동건, 김민혜, 신소영","기태인, 정승진, 박석광 등",50분,36개월 이상
PF199194,"김성수, 김정희","김성수, 백금록, 김성수 등",50분,36개월 이상
PF199297,"최백호, 박완신, 이다솜, 이주윤, 박한율, 윤수일, 안수지 등",,,만 7세 이상
PF199334,"한미선, 임동욱, 조민희, 유현정, 임현우, 문지윤, 박효린 등",,1시간 15분,전체 관람가
PF199423,,,1시간,만 8세 이상
PF199540,"선우정아, 최고은, 권나무 등",,5시간,전체 관람가
PF199659,"김태석, 유병옥, 이영진","송덕환, 김경미",,만 8세 이상
PF199682,,,1시간,만 7세 이상
PF199700,,,1시간,만 7세 이상
PF199711,,"이철진, 정순태, 황문주 등",1시간 30분,전체 관람가
PF199742,유진규,,1시간 20분,만 8세 이상
PF199755,"정유진, 고가연, 김다영, 김명희, 박경미, 박진아, 변지민 등","박정옥, 정유진",1시간 20분,만 8세 이상
PF199759,"김은미, 강현구, 차진이, 김호성",오설균,1시간 20분,36개월 이상
PF199778,윤여송,윤여송,1시간 20분,만 8세 이상
PF199820,"이미경, 백양임, 손지형","김종석, 이영진",,만 8세 이상
PF199847,"황인선, 조유석, 김지훈, 차유창 ,조민식",,1시간 20분,만 8세 이상
PF199853,"한중곤, 이현기, 윤석, 임준형, 김주열, 김원민, 김상수",,1시간 20분,만 8세 이상
PF199861,"박규상, 유미란","김민호, 문유경",1시간 20분,만 8세 이상
PF199876,,,2시간,전체 관람가
PF199888,박종화 등,,1시간 20분,만 7세 이상
PF199889,이자람,,2시간,만 7세 이상
PF199890,"전용준, 김대호, 김영진",,1시간 20분,만 7세 이상
PF199922,"김재권, 김강민, 윤명인, 조현도, 김시연, 박영대, 김단우 등",,1시간 10분,만 7세 이상
PF199923,"위보라, 김주빈, 유회웅, 최자인, 이지혜, 김성훈",,1시간 10분,만 7세 이상
PF199925,,,1시간 10분,만 7세 이상
PF200005,"오일룡, 엄선일, 김형건, 한은지, 엄정인, 김재홍, 정현철 등","황태선, 하경한, 김형건 등",1시간 5분,만 13세 이상
PF200007,,,2시간,만 7세 이상
PF200046,이지훈 등,,2시간,전체 관람가
PF200069,"이주아, 김동준, 양혜정, 장영미, 정선경, 문혜지, 조현일 등",이주아,1시간 30분,만 7세 이상
PF200070,"황귀자, 김원필, 김은숙, 윤송미, 황보영, 김백광, 박국자 등",,1시간 30분,만 7세 이상
PF200071,"양송이, 홍아름, 서승환, 전효혁, 안세훈, 김서진, 전혜성 등",,1시간 20분,만 7세 이상
PF200072,"김태윤, 김수현, 정희서 등",,1시간,만 5세 이상
PF200090,"김정훈, 권기현, 강미선, 윤나라, 한대교, 송설, 박수정",,1시간 30분,8세 이상
PF200095,"강다영, 김경은, 김재현, 김다애, 도하련, 박경희, 신혜진 등",,1시간 40분,만 7세 이상
PF200153,"손정범, 송지원, 신경식, 이정현 등","오충근, 한수진, 김재원 등",1시간 30분,만 7세 이상
PF200167,"안주원, 박예은, 김수민, 박종석, 심현희, 윤별, 김은실 등",,1시간 35분,만 7세 이상
PF200181,백승록 등,,1시간 20분,만 7세 이상
PF200183,"권민석, 신용천 등",,1시간 30분,만 7세 이상
PF200204,"홍은채, 오용균, 정정순, 장행숙, 오금자, 한선영, 강미란 등",,1시간 10분,만 5세 이상
PF200206,"이호영, 이윤경, 김민지, 안우리, 이준서, 윤예슬, 박세영 등",,1시간 10분,만 5세 이상
PF200210,"박연, 박혜정, 김혜진 등",,45분,만 3세 이상
PF200213,"권민석, 최성민, 최서정, 이예서, 임태양, 이수아, 최수영 등","정희윤, 김선진, 유지원",30분,만 6세 이상
PF200215,"김기태, 이지혜, 이일균, 박지우, 김여준, 윤이솜, 임재명","오세곤, 정대용, 최병훈 등",1시간 15분,전체 관람가
PF200223,"정혜숙, 원종숙, 이용대, 정영임, 장유순, 박희자, 김성민 등",,50분,만 7세 이상
PF200225,"김학재, 김추월, 김희정 등","김재한, 김정현, 박윤호 등",1시간 20분,만 13세 이상
PF200227,"조정규, 채정원, 고태욱 등","송경근, 김위연, 정지혜 등",1시간,만 4세 이상
PF200229,,,1시간 10분,전체 관람가
PF200230,"김욱, 최진경, 박동규, 김경석, 송혜선, 이상준, 이종우 등",,1시간,만 7세 이상
PF200231,"김난주, 박세아, 황규남",박상민,1시간,만 9세 이상
PF200232,"김수자, 기은미, 박명순, 류금숙, 박태원, 선영상, 최승남 등",이화정,1시간,24개월 이상
PF200235,,,1시간 10분,만 7세 이상
PF200237,,,1시간,만 11세 이상
PF200243,"윤석, 김영택, 김해원, 남궁준영",,1시간,만 8세 이상
PF200371,,,2시간,만 7세 이상
PF200406,,,1시간,전체 관람가
PF200426,,"김진만, 김성녀",1시간 10분,만 12세 이상
PF200431,,,1시간,만 11세 이상
PF200442,"김지훈, 나승현, 남재국, 예수빈, 이건희, 이주협, 장승연 등","송정안, 박준영, 차지수 등",1시간 50분,전체 관람가
PF200446,"김강유, 우지영, 이승룡, 이정동, 임유정, 조수빈, 박진영 등","용혜정, 김민영, 변상아 등",1시간 30분,만 7세 이상
PF200462,,,,만 18세 이상
PF200471,"이상곤, 유건우",,1시간 10분,만 12세 이상
PF200479,"손석희, 곽동규, 김남규, 김우창, 정대희, 김정수, 정재학 등",,,만 5세 이상
PF200508,"이은경, 이지희, 양승관, 임선영, 김경신, 김지욱, 정철인 등",,1시간 20분,만 7세 이상
PF200510,,"김진만, 김성녀",1시간 10분,만 12세 이상
PF200511,,,1시간 20분,전체 관람가
PF200533,"최훈재, 황지훈",,1시간 10분,만 12세 이상
PF200540,,"문진애, 최진호, 이승태 등",1시간 30분,만 7세 이상
PF200542,"이상은, 이진경, 이태영",김민경,1시간 30분,만 14세 이상
PF200543,,"박지수, 최종윤, 서유라 등",1시간 30분,만 7세 이상
PF200553,,"문진애, 최진호, 이승태 등",1시간 10분,만 7세 이상
PF200555,,"문진애, 최진호, 이승태 등",1시간 10분,만 7세 이상
PF200557,,"문진애, 최진호, 이승태 등",1시간 20분,만 7세 이상
PF200559,,"문진애, 최진호, 이승태 등",1시간 20분,만 7세 이상
PF200562,,"문진애, 최진호, 이승태 등",1시간 20분,만 7세 이상
PF200565,"홍은정, 이수정",,1시간,만 12세 이상
PF200591,,,35분,만 12세 이상
PF200599,"박민호, 최신혁, 오장욱, 류승호 등",,1시간 30분,만 5세 이상
PF200601,"김민형, 김상순, 이준상, 이재홍, 박준우 등",,1시간 30분,만 5세 이상
PF200635,"노병욱, 박준영, 박도원 ,오세원",,1시간 10분,만 3세 이상
PF200638,"박무영, 한혜수","송현진, 이정하",1시간,만 7세 이상
PF200644,"혼나 테츠지, 한수진, 응우엔 베잇 쭝 등",,2시간 10분,만 7세 이상
PF200648,,"박지수, 최종윤, 서유라 등",1시간 30분,만 7세 이상
PF200653,,,1시간,만 11세 이상
PF200669,"이재우, 심현희 등","우혜영, 정재엽, 박태준 등",1시간 10분,만 5세 이상
PF200671,"백재진, 이경선, 김상진, 이명진, 황세희","오충근, 한수진, 김재원 등",1시간 30분,만 7세 이상
PF200685,"이영민, 박윤석",,1시간 20분,만 12세 이상
PF200691,,,1시간 10분,만 12세 이상
PF200707,"고상진, 김아람, 김유성, 최문석",,1시간 20분,만 7세 이상
PF200708,"김덕우, 이신규, 제임스 김, 박진우",,1시간 10분,만 7세 이상
PF200709,"김상진, 송지원, 조성현",,2시간,가
PF200710,"최유진, 이은원, 장혜리, 오유선, 김활란, 이지혜,",최원석,1시간,만 5세 이상
PF200711,"김덕우, 백은교, 변현정, 최고은, 최유진, 이소란, 전홍주 등",김희정,1시간 50분,만 7세 이상
PF200712,"브랜든 최, 임한렬, 이신규, 이태성",,1시간 20분,만 7세 이상
PF200789,"유예은, 조한빈","김형석, 민두성, 이광복 등",1시간 20분,만 13세 이상
PF200790,"한혜경, 최종실, 이경화, 진유림, 이주희",,1시간 10분,만 7세 이상
PF200810,,,,만 7세 이상
PF200816,"김수영, 이경원, 이충배, 이예진, 배지안, 김인현, 박현정 등","유채하, 강민수, 박세화 등",1시간 10분,만 7세 이상
PF200842,"이어진, 김명철, 정한빛, 심상우, 장철규, 이상권, 서지영 등",,1시간 35분,만 7세 이상
PF200892,,,30분,전체 관람가
PF200893,,,1시간,전체 관람가
PF200918,,,1시간 10분,만 12세 이상
PF200974,,,1시간,만 12세 이상
PF201002,,,,만 9세 이상
PF201023,"김경란, 이재령, 조서윤","이수정, 김민정, 이병창 등",45분,36개월 이상
PF201025,"김장준, 김경옥, 이현숙",정문희,45분,36개월 이상
PF201026,"이승연, 최지은, 김영웅, 오지은, 김동현, 김현우, 장두익 등",,1시간 10분,만 7세 이상
PF201028,"김윤희 , 최민주","김윤희 , 이진섭",50분,36개월 이상
PF201071,,,1시간 10분,만 12세 이상
PF201099,"김정연, 안병주, 김선정 등",,1시간,만 7세 이상
PF201139,"백유진, 정경훈",,1시간 10분,만 12세 이상
PF201204,,,30분,만 5세 이상
PF201210,"전지혜, 김정훈",,1시간 10분,만 12세 이상
PF201236,,"이시정, 조태욱, 나연주 등",,만 7세 이상
PF201297,"최백호, 나윤선 등",,1시간 40분,만 7세 이상
PF201299,"강성국, 조주혜, 김성연, 권기혜, 권정순, 이주아, 김미희 등",,1시간 20분,만 5세 이상
PF201319,,,1시간 10분,만 12세 이상
PF201339,"리우진, 심태영",,50분,만 12세 이상
PF201458,,,1시간 10분,만 12세 이상
PF201509,"윤동환, 윤소희, 홍채원, 박상욱",,1시간 30분,만 7세 이상
PF201514,"류경선, 박수진, 박신희, 박은혜, 송희승, 이해미, 윌리엄 앤더슨 등",,1시간 30분,만 6세 이상
PF201539,"박애리, 원장현, 최경만, 김영임, 이춘희, 김광숙, 임정란 등",,3시간,만 7세 이상
PF201552,,,1시간 10분,만 2세 이상
PF201559,,,1시간 30분,만 2세 이상
PF201582,,,1시간 10분,만 12세 이상
PF201593,"김지훈, 나승현, 남재국, 예수빈, 이건희, 이주협, 장승연 등","송정안, 박준영, 차지수 등",1시간 30분,만 7세 이상
PF201628,,,1시간 10분,만 12세 이상
PF201656,"박성아, 정혁준, 양선아, 라세영, 이순림, 서한우 등",,1시간 10분,만 5세 이상
PF201671,,,3시간,만 8세 이상
PF201739,,,1시간 10분,만 2세 이상
PF201765,,,6시간,만 13세 이상
PF201782,,,,만 7세 이상
PF201826,"지우, 양은주, 유종연, 현림, 김본이","현림, 최연수, 유주영 등",1시간 20분,17세 이상 관람가
PF201929,"김주형, 조윤영, 송나흔, 최예지, 장우현, 최현지, 김주찬 등",,,
PF201987,김기일,"박세련, 김지우, 이진경 등",1시간 20분,전체 관람가
PF201990,,,1시간 10분,만 12세 이상
PF201994,,,1시간 10분,만 7세 이상
PF202054,"고희정, 김다해, 김민수, 유경흔, 한유진 등",정형일,1시간 40분,만 7세 이상
PF202056,"박미자, 임청화, 김순영, 신현선, 이정원, 신동원, 고성현 등",,2시간,만 9세 이상
PF202059,,,1시간,만 5세 이상
PF202077,,,1시간,만 3세 이상
PF202088,,,1시간,민 2세 이상
PF202091,박종원,,1시간,만 2세 이상
PF202095,"김인기, 안효회",,1시간,만 2세 이상
PF202108,,,55분,전체 관람가
PF202194,"김영애, 임동연, 권덕연, 김제이, 박소영, 임윤수, 전보현 등","서희정, 유인상, 김미란 등",1시간,만 7세 이상
PF202220,"이경구, 이연주, 김민정, 이우영, 장경희 등","최은정, 신창열, 지경민 등",50분,36개월 이상
PF202221,박연철,"박연철, 서수현, 정은지 등",40분,36개월 이상
PF202222,"유정민, 이상화, 설재영, 김두리","오준석, 노선락, 정윤 등",1시간 15분,36개월 이상
PF202224,"박동조, 전현규","서상현, 차진광, 이누리 등",40분,36개월 이상
PF202270,,,1시간 30분,만 7세 이상
PF202310,"김완선, 서지훈, 이석준, 김승현, 김남호",,1시간 30분,만 7세 이상
PF202330,"김재민, 이다혜","조충만, 유주영, 최인수 등",1시간,만 13세 이상
PF202331,"이소영, 김아론","김재엽, 최인수, 한재권 등",1시간 10분,전체 관람가
PF202332,"백유진, 정경훈, 송하준, 노진경, 조철훈, 김민국, 방진아 등","임주은, 윤혜수, 채수룡 등",1시간 10분,전체 관람가
PF202385,,,,만 5세 이상
PF202386,"송영훈, 심준호, 조형준, 이경준",,1시간 30분,만 7세 이상
PF202387,"금난새, 이윤석, 백양지, 서선미리, 안태영 등",,1시간 30분,만 7세 이상
PF202451,,,1시간 30분,만 8세 이상
PF202464,"김민수, 은상아, 최민경, 이권훈, 한거우, 김유경","오수빈, 임예진, 김민지 등",1시간 10분,만 7세 이상
PF202471,,,1시간 40분,만 7세 이상
PF202472,"김영민, 김헌호, 최경식 등",,1시간 30분,만 7세 이상
PF202525,"박종훈, 김태우",,1시간 30분,만 7세 이상
PF202526,"나윤선, 크리스토퍼 존스, 토마 나임, 토니 팰만",,1시간 30분,만 7세 이상
PF202527,"정다운, 조재현, 이길재, 서범수",,1시간 40분,만 7세 이상
PF202528,"이명건, 황이현, 정영준, 이도현 등",,1시간 40분,8세이상
PF202529,"강재훈, 신동하, 임주찬, 이정식, 박상현 등",,1시간 40분,만 7세 이상
PF202545,"최원정, 노동준 등",,1시간 30분,만 5세 이상
PF202555,,,2시간 30분,만 7세 이상
PF202557,,,,만 7세 이상
PF202559,,,,전체 관람가
PF202610,"심선민, 안평강, 김승수, 민경빈, 오상민 등",,1시간 30분,만 7세 이상
PF202633,"채혜연, 전지웅, 최강지, 유한나, 김도연, 김유상",,1시간 50분,만 7세 이상
PF202670,,,1시간 15분,만 14세 이상
PF202731,"임소정, 장정권, 김나연, 고성희, 이정수, 송윤지, 장유진 등",,1시간 15분,만 7세 이상
PF202941,,,2시간,전체 관람가
PF202958,"김소리, 김지옥, 최다은, 허시라, 황아름","남인우, 황아름, 김소리 등",1시간,48개월 이상
PF203023,"이은지, 김나연, 고성희, 이정수, 송윤지, 장유진, 이효원 등",,1시간 15분,만 7세 이상
PF203024,"강경완, 김유민, 서윤슬, 정희원, 지우, 한주연","박예슬, 유다미, 최인수 등",1시간 20분,만 12세 이상
PF203038,,"정혜림, 박근식, 석애영",2시간,전체 관람가
PF203121,,,2시간,만 7세 이상
PF203122,"이남영, 정명훈, 유재성, 김예지, 이지현, 정하늘, 김민우 등",,2시간,만 7세 이상
PF203246,,,1시간 50분,만 7세 이상
PF203301,"김동욱, 임홍균, 최영식, 배은진, 백동훈 등",,1시간 30분,만 7세 이상
PF203302,"김현오, 김지영, 조민현, 양송미, 김성주, 조혜운, 진형준 등",,1시간 30분,만 7세 이상
PF203303,"이수은, 황여진, 홍승아, 알렉산더 크낙, 디륵 헤게만, 마누엘 본 데어 나머",,1시간 30분,만 7세 이상
PF203304,"최영식, 데니스 김, 요나 김, 션 케너드, 미쉘 김",,1시간 30분,만 7세 이상
PF203305,"이지나, 서채원, 정현서, 최예은, 이유정, 윤서영, 김민 등",,1시간 30분,만 7세 이상
PF203306,심희정 등,이일세,1시간 30분,만 7세 이상
PF203307,"최우선, 최연주, 황수빈, 박관희, 김정민, 김나형, 최종완 등",,1시간 30분,만 7세 이상
PF203418,"김민혜, 신소영, 이동건","기태인, 박석광, 박창민 등",50분,36개월 이상
PF203419,"이미라, 김승언, 김현재","최열임, 김현빈, 심은용 등",1시간 7분,만 10세 이상
PF203426,,,1시간 10분,만 7세 이상
PF203427,"신승민, 최용준, 최영준, 하은홍, 황요한, 박현정",,1시간 30분,만 7세 이상
PF203455,"김동수, 이양복, 김정아, 임세경, 진성원, 김상진, 양준모 등",,2시간,만 7세 이상
PF203535,"최우성, 최홍준, 임진유, 김유나","최우성, 이용수, 오성택 등",50분,만 14세 이상
PF203572,,"신재, 김은정, 김지우 등",2시간,만 7세 이상
PF203575,강예영 등,,3시간 20분,만 6세 이상
PF203757,"장지영, 윤희철, 백비송, 이가영, 김석규, 문성필, 엄태훈 등","윤민훈, 이난영, 서재화 등",1시간 25분,만 14세 이상
PF203774,,,1시간 30분,전체 관람가
PF203877,"김성진, 박은향, 한승희, 배소영, 유인철, 허부연, 윤학원 등",,1시간 36분,만 4세 이상
PF203899,"최진희, 배선옥, 서희경, 송은아","신인선, 강전영, 하상오 등",,
PF203900,"이승훈, 이희자, 정주연, 백승재, 전지윤","김예기, 최혜주, 이용수",50분,만 7세 이상
PF203902,"피경선, 김홍규, 이성훈, 임정하, 정영하, 서화영, 이수미 등",,1시간 10분,만 7세 이상
PF203931,,,1시간 40분,만 7세 이상
PF203940,"리처드 용재 오닐, 줄리앙 라브로, 문태국, 양인모 등",,1시간 40분,만 7세 이상
PF203942,"고훈정, 김찬호",,1시간 40분,만 7세 이상
PF203943,"박좌헌, 신주협, 김찬종, 반정모",,1시간 40분,만 7세 이상
PF203944,"유키 구라모토, 김지윤, 이윤하, 한지은, 강신일",,1시간 40분,만 7세 이상
PF203970,박해미 등,,,만 6세 이상
PF203977,,,1시간 30분,만 12세 이상
PF204077,,,,만 7세 이상
PF204078,한재민,,,만 8세 이상
PF204080,"레오니다스 카바코스, 데이비드 로버트슨 등",,,만 8세 이상
PF204081,"김선욱, 데이비드 로버트슨 등",,,만 8세 이상
PF204082,"레오니다스 카바코스, 데이비드 로버트슨 등",,,만 8세 이상
PF204085,,,1시간 45분,전체 관람가
PF204089,조반니 안토니니 등,,,만 8세 이상
PF204090,조반니 안토니니 등,,,만 8세 이상
PF204097,"샤를로트 기베, 로메오 몬테이로, 온드레이 아다멕 등",,,만 8세 이상
PF204099,"배원희, 김지원, 하유나, 허예은",,,만 8세 이상
PF204101,"김선욱, 티토 체케리니 등",,,만 8세 이상
PF204103,세르게이 바바얀,,,만 8세 이상
PF204104,세르게이 말로프 등,,,만 8세 이상
PF204109,"우웨이, 파스칼 콩테, 최수열 등",,,만 8세 이상
PF204119,마티아스 괴르네,,,만 8세 이상
PF204120,"마티아스 괴르네, 세르게이 바바얀 등",,,만 8세 이상
PF204123,"세르게이 말로프, 디니스 소자 등",,,만 8세 이상
PF204125,"레오니다스 카바코스, 양인모, 박하양, 한재민, 김선욱",,,만 8세 이상
PF204137,"레오니다스 카바코스, 김선욱",,,만 8세 이상
PF204150,"우웨이, 시게코 하타, 티토 체케리니 등",,,만 8세 이상
PF204169,,,1시간 40분,만 7세 이상
PF204170,"김은영, 안병철, 황성용, 홍필선, 장동진, 임혜진, 채지수 등",김은영,1시간 40분,만 7세 이상
PF204177,"정현, 원미원, 공호석, 심우창, 나종은, 김연재, 이혜연 등","정현, 김성환, 김시원 등",1시간 30분,만 12세 이상
PF204178,"이성원, 임솔지, 배상돈, 최승일, 문경민","김성노, 민경구, 김정향 등",1시간 30분,만 12세 이상
PF204190,,,,만 7세 이상
PF204210,"채현원, 나하나, 박정민, 백형훈, 서경수, 양지원, 송용진 등",,1시간 40분,만 7세 이상
PF204213,"차지연, 이정화, 김지훈, 이준우, 민활란, 박수연, 홍석현 등","민활란, 이유진, 해진",1시간 40분,만 7세 이상
PF204258,,"김예림, 이철진, 정순태 등",1시간 10분,전체 관람가
PF204290,,,1시간 30분,만 5세 이상
PF204381,,,2시간 10분,만 11세 이상
PF204433,,,1시간 50분,만 7세 이상
PF204491,"배혜리, 이소미, 권재희, 서정혁, 김현서, 은빛나",,1시간 10분,만 7세 이상
PF204618,"윤효상, 강승민, 현대철, 신미리, 서지아 등","김홍택, 권미혜, 현대철 등",2시간 30분,만 7세 이상
PF204676,조수미,,1시간 40분,만 7세 이상
PF204677,민경아,,1시간 40분,만 7세 이상
PF204678,"김경수, 김히어라, 백형훈, 이지수, 이충주, 정원영, 조성윤 등",신은경,1시간 40분,만 7세 이상
PF204680,"김대현, 최호승, 정성일","노재환, 박정인, 이도 등",2시간,만 7세 이상
PF204681,"박정원, 최석진, 유현석",,2시간,만 7세 이상
PF204686,,,,
PF204765,,,2시간,만 14세 이상
PF204803,,,,만 7세 이상
PF204813,"길지혁, 이미랑, 이충배, 김다님, 장경수, 장주연, 하지수 등","김시번, 김시정, 김해미 등",1시간 30분,만 11세 이상
PF204917,"김동현, 허성영 등",,3시간 30분,만 12세 이상
PF204969,"장지후, 임준혁, 배나라",,1시간 40분,만 7세 이상
PF206150,"최수진, 제이민, 나하나",,1시간 40분,만 7세 이상
PF206178,"노지우, 박영운, 김서현, 황준희, 이민혁, 박서영, 한정호 등","정민혁, 이후성, 문기백 등",1시간 30분,만 7세 이상
PF209458,"신광민, 김나혁, 강다영","여지은, 강다영, 최동호 등",1시간,만 11세 이상
PF209459,"이태, 한송연, 서승희, 황교성, 김수빈, 한진영, 모고은","김병화, 안달훈, 오예영 등",1시간 30분,만 11세 이상
PF209460,"김관주, 김도연, 전혜린, 이주서, 정채윤, 이재영","최태식, 김택수, 왕석청 등",1시간 10분,만 14세 이상
PF209592,"홍윤화, 이재철, 한윤경, 김지희, 이다슬","이재철, 김슬기, 조혜원",1시간 15분,만 7세 이상
PF209635,"정민, 주민진, 김려원, 송유택",,1시간 40분,만 7세 이상
PF209637,"원종환, 김대종, 최호중, 이경욱",,1시간 40분,만 7세 이상
PF209754,이지혜,,1시간 40분,만 7세 이상
PF209757,"김승연, 김우진, 박영나, 김인혜, 김민주, 이소담","서상현, 이서영, 김지원 등",1시간 10분,만 7세 이상
PF209776,"유현승, 손찬성, 서명훈, 이슬비","강연호, 안은샘, 김태현 등",1시간 20분,전체 관람가
PF209780,"이연주, 이지연, 조한, 박상현, 한도협, 송예준, 박혜림 등","이태린, 조한, 성미림 등",2시간,만 14세 이상
PF209800,"박예슬, 정유성, 문예은, 김정화, 김수현",,1시간 40분,만 5세 이상
PF209801,"서은영, 유현정, 이필기, 조혜령, 서수복, 김은수, 고만석",,1시간,만 7세 이상
PF209802,"박제신, 이영우, 안상준, 송준호, 김종국, 임미정, 김대호 등",,1시간 20분,만 8세 이상
PF209806,,,1시간,24개월 이상
PF209816,"김동현, 최영도, 공재민, 김여진, 박도하, 김수민, 김설빈 등","이시원, 최원종, 차근호 등",1시간 40분,만 12세 이상
PF209876,"김단아, 김하민, 남예서, 민시하, 박주원, 윤하담, 이유재 등",,2시간 20분,만 7세 이상
PF209889,"김태형, 손정범, 백주영, 주연선",,1시간 10분,만 7세 이상
PF209929,,,,만 7세 이상
PF209946,"김민재, 이재현, 김유나, 조성준, 정수정, 임예윤, 정우상 등","박기선, 유은분, 주승민 등",1시간 10분,만 7세 이상
PF209950,,,2시간 40분,만 7세 이상
PF209971,"황진아, 이태훈, 박선주, 방지원",,40분,만 7세 이상
PF209972,"강태환, 유홍, 김보미, 이태훈, 목기린, 지박, 이나래 등",,2시간,만 7세 이상
PF210080,"김응수, 김용진",,1시간 10분,전체관람가
PF210081,"이지영, 정선현","이지영, 정선현, 석민호 등",1시간 30분,만 11세 이상
PF210108,,,2시간 30분,만 7세 이상
PF210262,,,30분,만 13세 이상
PF210264,,,30분,만 13세 이상
PF210265,,,30분,만 13세 이상
PF211443,"김명식, 엄선영, 김시현, 양철진, 박지훈","전예정, 김선호, 윤경민 등",1시간 30분,만 7세 이상
PF211545,,,1시간 30분,36개월 이상
PF211573,,,1시간 30분,전체 관람가
PF211627,"박재정, 이영지 등",,2시간,만 7세 이상
PF211631,,,3시간,만 7세 이상
PF212550,,,1시간 20분,만 4세 이상
PF212573,,,1시간 20분,만 4세 이상
PF212586,,,1시간 20분,만 4세 이상
PF212589,,,1시간 20분,만 4세 이상
PF212591,,,1시간 20분,만 4세 이상
PF212595,,,1시간 20분,만 4세 이상
PF212597,,,1시간 20분,만 4세 이상
PF212599,"정유주, 김경석",,1시간 10분,전체 관람가
PF212624,,,1시간 20분,만 4세 이상
PF212639,,,1시간 20분,만 4세 이상
PF212646,정승환 등,,2시간,만 7세 이상
PF212664,,,80분,만 4세 이상
PF212666,,,1시간 30분,만 7세 이상
PF212699,"권진원, 김노연, 김다경, 김다빈, 김리하, 김민규, 김민서 등","신창호, 최인숙, 이지숙 등",1시간 20분,만 7세 이상
PF212704,,,1시간,만 15세 이상
PF212745,,,1시간 20분,만 4세 이상
PF212798,,민복기,2시간,만 7세 이상
PF212799,,김선욱,1시간 40분,만 7세 이상
PF212800,"권재헌, 김혜미, 김효경, 김효신, 박민지, 박정무, 신동윤 등","정석순, 안남근",1시간,만 7세 이상
PF212813,"조윤범, 양승빈, 홍성원, 임이랑",,,만 7세 이상
PF212858,"금난새, 서형민 등",,,만 7세 이상
PF212863,"김삶, 김상진, 이희영, 여미혜, 조성현, 곽나영, 김규연 등",,1시간 30분,만 7세 이상
PF212864,"김삶, 김상진, 이희영, 여미혜, 조성현, 곽나영, 김규연 등",,1시간 30분,만 7세 이상
PF212865,"김가영, 조혜운, 진형준, 이동욱, 이경민, 강태영",,,만 7세 이상
PF212867,"정준수, 우리라, 김무늬, 장진영, 김유진, 조명환, 김하늘 등",,,만 7세 이상
PF213054,손다빈,,1시간 10분,전체 관람가
PF213104,"김삶, 김상진, 이희영, 여미혜, 조성현, 곽나영, 김규연 등",,1시간 30분,만 7세 이상
PF213105,"김삶, 김상진, 이희영, 여미혜, 조성현, 곽나영, 김규연 등",,1시간 30분,만 7세 이상
PF213111,,,1시간 30분,전체 관람가
PF213130,"오은환, 송다윤",,1시간 30분,만 7세 이상
PF213184,,유경민 등,1시간 30분,만 14세 이상
PF213187,,송윤석,1시간 30분,만 11세 이상
PF213191,"조은체, 김만식, 김연대, 정형진, 신광호, 이진주, 임연서","손효범, 노을, 조경조",1시간 30분,만 7세 이상
PF213199,,김승철 등,2시간 15분,만 13세 이상
PF213207,,문삼화,1시간 20분,전체 관람가
PF213229,,,1시간 30분,만 7세 이상
PF213270,,,8시간,만 12세 이상
PF213271,"김삶, 김상진, 이희영, 여미혜, 조성현, 곽나영, 김규연 등",,1시간 30분,만 7세 이상
PF213318,"김삶, 김상진, 이희영, 여미혜, 조성현, 곽나영, 김규연 등",,1시간 30분,만 7세 이상
PF213347,,김희영,1시간 40분,만 14세 이상
PF213354,"박빛나, 현지온, 고윤영, 최현지, 원서연, 이시은, 남지민 등",,2시간,만 7세 이상
PF213367,,,1시간 20분,만 4세 이상
PF213396,,"이신영, 정재춘 등",1시간 40분,만 7세 이상
PF213398,,"박연주, 함세덕 등",1시간 40분,만 8세 이상
PF213560,,,10시간,만 12세 이상
PF213599,"최정연, 변규리, 이유빈",,1시간 10분,전체 관람가
PF213600,"이재완, 정민경",,1시간 10분,전체 관람가
PF213630,"권예리, 이태민, 김용주, 손승한, 이산, 김종윤, 이은솔 등","권예리, 추주식",1시간,만 7세 이상
PF213660,"오상호, 강성민, 박진성, 박지용, 심규성, 이주미, 김인집 등",,1시간 40분,전체 관람가
PF213667,,,1시간 10분,전체 관람가
PF213735,,,1시간 40분,만 7세 이상
PF213736,,,1시간,만 10세 이상
PF213739,,,1시간,만 7세 이상
PF213740,,,1시간 40분,만 7세 이상
PF213776,"이한나, 김규연, 김소옥, 양정윤, 심효비, 김가은, 강동석 등",,2시간,만 7세 이상
PF213778,"성미경, 김다미, 서수민, 김민지, 최하영, 신미정, 김준희 등",,2시간,만 7세 이상
PF213792,"마티아스 괴르네, 세르게이 바바얀",,1시간,만 7세 이상
PF213807,"한수진, 조가현, 양정윤, 안희전, 김상진, 서수민, 강승민 등",,2시간,만 7세 이상
PF213808,,,2시간,만 7세 이상
PF213809,"조진주, 주연선, 김다미, 최하영, 성미경, 로망 귀요, 에르벨 줄랭 등",,2시간,만 7세 이상
PF213810,,,2시간,만 7세 이상
PF213812,"김다미, 안희전, 문태국, 추대희, 이경선, 김예원, 이화윤 등",,2시간,만 7세 이상
PF213813,"김소옥, 최하영, 조진주, 조가현, 이한나, 심효비, 조영창 등",,2시간,만 7세 이상
PF213815,"최나경, 한수진, 박상욱, 강동석, 강승민 등",,2시간,만 7세 이상
PF213816,"서수민, 이화윤, 강동석, 김상진, 이경선, 이수민, 박진영 등",,2시간,만 7세 이상
PF213818,"조성호, 김태완, 오민수, 박지혜, 박수민, 장일현, 김회민 등",,1시간,만 7세 이상
PF213821,"이지혜, 이미솔",,1시간 10분,전체 관람가
PF213882,"김은식, 이창희, 이민정, 김진승, 박성희, 김호정",,1시간 40분,만 7세 이상
PF213902,"김정한, 민경록, 정선주, 김서휘, 최성, 정준영, 전민영 등","김정한, 김재권, 김서휘 등",1시간 20분,만 11세 이상
PF214021,"강대현, 김정현, 김준성, 박지훈, 성창제, 여영기, 유이수 등","정창윤, 이지은, 조경빈 등",2시간,만 16세 이상
PF214022,"윤희철, 문진희, 강인영, 이현숙, 나윤정, 정이형, 김장준 등",심성일,1시간 20분,만 12세 이상
PF214023,,,1시간 15분,전체 관람가
PF214024,,,1시간 20분,만 14세 이상
PF214025,,,1시간 30분,만 14세 이상
PF214026,"한희정, 서동희, 김신영, 조아라, 류효현",,1시간 10분,전체 관람가
PF214027,"이윤석, 김한길",,1시간 10분,만 19세 이상
PF214167,"백유진, 정경훈",,1시간,만 10세 이상
PF214173,"박희정, 유연, 노정현, 문경초, 이석, 이종혁, 차형도 등","민준호, 심새인, 남경식 등",1시간 30분,만 10세 이상
PF214176,,,1시간,36개월 이상
PF214177,,,2시간,만 13세 이상
PF214208,"원문연, 김재웅, 구경희, 윤경은, 김지민, 조준형, 김윤지","김광훈, 최기홍, 조준형 등",1시간 10분,만 11세 이상
PF214209,"이혜정, 김정연, 박상희, 이지영, 윤규현, 전석호, 김찬용 등","노미경, 채치민, 김민선 등",1시간 20분,만 7세 이상
PF214220,"박영권, 송은지, 송지민, 송진우, 오광희, 유민수, 유현주 등",손은지,1시간,만 14세 이상
PF214290,,"하동기, 하일호",1시간 50분,만 13세 이상
PF214291,,"반무섭, 이수인",1시간 50분,만 13세 이상
PF214292,,"이돈용, 황태선",1시간 50분,만 7세 이상
PF214293,,"손현규, 임선빈",1시간 50분,만 13세 이상
PF214343,,,8시간,만 19세 이상
PF214377,"윤준영, 이경원, 정현진, 한재국, 김수영, 이충배","조현빈, 김인현, 문지혜 등",1시간 20분,만 11세 이상
PF214385,,,4시간,만 7세 이상
PF214396,"이명희, 정영신, 김영인, 권남희, 이현주, 이종성, 강성민 등","김영래, 최교익, 김혜주 등",1시간 30분,만 7세 이상
PF214401,,이석호,50분,만 7세 이상
PF214463,"김삶, 김상진, 이희영, 여미혜, 조성현, 곽나영, 김규연 등",,1시간 30분,만 7세 이상
PF214464,"김삶, 김상진, 이희영, 여미혜, 조성현, 곽나영, 김규연 등",,1시간 30분,만 7세 이상
PF214489,"최나경, 박규희, 조영창, 김규연, 문지영 등",,2시간,만 7세 이상
PF214490,"최나경, 강동석, 문지영, 강승민, 이상은, 신미정 등",,2시간,만 7세 이상
PF214502,"이해원, 신우진, 곽승일, 김소윤","박대웅, 하병훈, 홍성찬 등",1시간 5분,만 15세 이상
PF214639,,기국서,50분,만 13세 이상
PF214646,"홍문종, 김태석, 정선현, 김수정, 이창건, 석민호, 조영근 등","이지영, 박영주, 이지은 등",1시간 40분,만 11세 이상
PF214647,,,1시간 40분,만 13세 이상
PF214689,"김원준, 고유진, 김현정, 배기성, 박미경, 조성모, 현진영 등",,3시간,만 7세 이상
PF214727,"최지영, 이경열, 윤진아, 정광영, 김다혜","견민정, 오지용, 이종성 등",1시간 30분,만 7세 이상
PF214731,"김진곤, 선정화, 하서미, 이태하, 김내리, 김령화 등","변영후, 오채민, 장익렬 등",1시간 20분,만 13세 이상
PF214734,"왕승원, 이소연, 석승권, 장성일, 조철희, 김은미, 안희은 등","장수동, 김보미, 김정원",2시간,만 7세 이상
PF214735,,,1시간 50분,전체 관람가
PF214798,,,8시간,만 19세 이상
PF214801,"양성원, 임지영, 송지원, 김상진, 박재홍",,1시간 10분,만 7세 이상
PF214802,"기현정, 이시온, 이진경",,1시간 10분,만 7세 이상
PF214804,마르코 소시아스,,1시간 10분,만 7세 이상
PF214805,박종성,,1시간 10분,만 7세 이상
PF214825,이진아,,2시간,만 7세 이상
PF214838,"김남희, 김영훈, 류다은, 이시원","정상현, 김서란, 이현주 등",1시간 20분,만 14세 이상
PF214878,"강승윤, 유승우",,2시간,만 7세 이상
PF214883,김예지 등,,2시간,만 7세 이상
PF214896,"김삶, 김상진, 이희영, 여미혜, 조성현, 곽나영, 김규현 등",,1시간 30분,만 7세 이상
PF214916,,"최창근, 홍란주, 김은정 등",1시간 20분,전체 관람가
PF214917,"박민경, 이정연, 양민석, 이호, 허윤수","임유진, 심지현, 한성민 등",1시간 30분,만 14세 이상
PF214918,"이나경, 강희수 ,전영웅, 석지한, 이수지, 유재빈, 권다미","이비안, 박연주, 주유진 등",1시간 10분,만 11세 이상
PF214919,"김사랑, 김민아, 장운식, 천서유, 전승운","정형석, 이성원, 김혜주 등",1시간 10분,만 11세 이상
PF214920,"김현경, 송서영, 박창규, 한성국, 강서율, 정가람, 권민서 등","조성원, 신우림, 권지연 등",1시간 20분,만 11세 이상
PF214921,"김서원, 정남주, 곽지유, 김도형, 김예인, 신요셉, 한유진 등","한유진, 이영우, 강동우 등",1시간 30분,만 11세 이상
PF214922,"이지환, 김성국, 한진만, 김지연",김지연,1시간 20분,만 7세 이상
PF214923,"박다정, 김성결, 장철준, 김범수, 강현욱, 이애름, 이세호 등",이세호,1시간 20분,만 7세 이상
PF214924,"최영신, 홍예원, 백진호, 한진만, 추현우, 김진우, 김일훈 등",김현지,1시간 20분,만 7세 이상
PF214925,이영지 등,,6시간,전체 관람가
PF214935,고영열 등,,2시간,만 7세 이상
PF214940,하현상 등,,2시간,만 7세 이상
PF214978,"김만식, 조은채, 김연대, 정형진, 신광호, 이진주, 임연서","손효범, 유재경, 김지형 등",1시간 50분,만 11세 이상
PF214987,"박소연, 이현빈, 최하연, 김민수, 이서윤","권기량, 김현우",1시간 20분,만 11세이상
PF215004,크쉬토프 야블론스키 등,,1시간 30분,만 7세 이상
PF215006,"크쉬토프 야블론스키, 한경진, 김소정, 배은진, 배규희",,1시간 30분,만 7세 이상
PF215011,"홍혜란, 김은경, 신상근, 최원휘, 김동섭, 한명원, 양송미 등","양수화, 최이순, 전혜승 등",2시간 30분,만 7세 이상
PF215077,"이령, 이지은, 정재환, 여은주","이화, 송경훈, 김수빈 등",1시간 20분,만 11세 이상
PF215123,"카를로 팔레스키, 이우진, 윤정난, 김라희, 김은경, 김동원, 윤병길 등",안지환 등,2시간,만 7세 이상
PF215170,"박재범, 서동현 등",,9시간,만 12세 이상
PF215209,"김민정, 김일우, 배철용, 조정웅, 이우람, 박소산, 김지선 등",성석배,1시간 20분,만 10세 이상
PF215251,,,2시간,만 11세 이상
PF215257,"임현정, 정현우, 강보림, 한동선, 박연민, 허상미",,,만 7세 이상
PF215323,"임지수, 김부영, 이진주, 박소영, 정지혜, 이승민, 백하형기","김수형, 함현상, 김연수 등",1시간 20분,만 7세 이상
PF215326,"서어진, 윤지선, 서지선, 김조현, 황현선","정종임, 이원만, 강정희 등",50분,전체 관람가
PF215328,"채정원, 송자연, 백하형기, 김조현, 양성태","김은경, 강나현, 송기조 등",1시간,전체 관람가
PF215333,,,9시간,전체 관람가
PF215381,"문지영, 이무은, 강미사",김용진,2시간,만 18세 이상
PF215384,"김형은, 이승주",,1시간 10분,전체 관람가
PF215387,"김영은, 김누리, 오대희, 심정환, 윤상인",,1시간,전체 관람가
PF215389,"김형은, 윤지현, 고준영, 임성환, 이현정",,1시간,전체 관람가
PF215464,"변재범, 임지애, 김유미, 정지은, 신희무, 안정연, 손가예 등","윤수미, 이애현, 김남용 등",1시간 10분,만 7세 이상
PF215546,,,8시간,만 7세 이상
PF215593,"이자람, 이민기, 김정민, 김온유, 김사월, 이시문, 정수영 등",,1시간 40분,만 7세 이상
PF215652,,,5시간,전체 관람가
PF215707,"한성은, 박지혁, 이승원",,1시간,전체 관람가
PF215784,,,10시간,만 18세 이상
